County,State,Population,Area,Density
"Autauga County",Alabama,54571,594,92
"Baldwin County",Georgia,46367,258,180
"Barbour County","West Virginia",16589,341,49
"Bibb County",Georgia,156462,250,626
"Blount County",Tennessee,123010,559,220
"Bullock County",Alabama,10914,622,18
"Butler County",Pennsylvania,183862,795,231
"Calhoun County","West Virginia",7627,281,27
"Chambers County",Texas,41441,599,69
"Cherokee County",Texas,52240,1,52240
"Chilton County",Alabama,43643,692,63
"Choctaw County",Mississippi,8547,419,20
"Clarke County",Virginia,14363,177,81
"Clay County","West Virginia",9386,342,27
"Cleburne County",Arkansas,25970,591,44
"Coffee County",Tennessee,52796,429,123
"Colbert County",Alabama,54428,592,92
"Conecuh County",Alabama,13228,850,16
"Coosa County",Alabama,11539,650,18
"Covington County",Mississippi,19568,414,47
"Crenshaw County",Alabama,13906,608,23
"Cullman County",Alabama,80406,734,110
"Dale County",Alabama,50251,561,90
"Dallas County",Texas,2618148,880,2975
"DeKalb County",Tennessee,18723,304,62
"Elmore County",Idaho,27038,3,9013
"Escambia County",Florida,299114,664,450
"Etowah County",Alabama,104430,534,196
"Fayette County","West Virginia",46039,664,69
"Franklin County",Washington,95222,1,95222
"Geneva County",Alabama,26790,574,47
"Greene County",Virginia,19162,157,122
"Hale County",Texas,34134,1,34134
"Henry County",Virginia,51881,382,136
"Houston County",Texas,23021,1,23021
"Jackson County",Wisconsin,20449,987,21
"Jefferson County",Wisconsin,83686,556,151
"Lamar County",Texas,49587,917,54
"Lauderdale County",Tennessee,27815,470,59
"Lawrence County",Tennessee,41869,617,68
"Lee County",Virginia,24742,437,57
"Limestone County",Texas,23527,909,26
"Lowndes County",Mississippi,59779,502,119
"Macon County",Tennessee,22248,307,72
"Madison County",Virginia,13134,322,41
"Marengo County",Alabama,21027,976,22
"Marion County","West Virginia",56418,310,182
"Marshall County","West Virginia",33107,307,108
"Mobile County",Alabama,412992,1,412992
"Monroe County",Wisconsin,44673,900,50
"Montgomery County",Virginia,97653,388,252
"Morgan County","West Virginia",17541,229,77
"Perry County",Tennessee,7915,415,19
"Pickens County","South Carolina",122863,512,240
"Pike County",Pennsylvania,57369,567,101
"Randolph County","West Virginia",29405,1,29405
"Russell County",Virginia,27891,475,59
"St. Clair County",Michigan,163040,837,195
"Shelby County",Texas,25513,794,32
"Sumter County","South Carolina",107396,682,157
"Talladega County",Alabama,82291,736,112
"Tallapoosa County",Alabama,41616,716,58
"Tuscaloosa County",Alabama,194656,1,194656
"Walker County",Texas,72245,788,92
"Washington County",Wisconsin,131887,430,307
"Wilcox County",Georgia,9068,380,24
"Winston County",Mississippi,19198,607,32
"Aleutians East Borough",Alaska,2938,6,490
Anchorage,Alaska,291845,1,291845
"Bristol Bay Borough",Alaska,869,482,2
"Denali Borough",Alaska,1860,12,155
"Fairbanks North Star Borough",Alaska,95898,7,13700
"Haines Borough",Alaska,2516,2,1258
Juneau,Alaska,31986,2,15993
"Kenai Peninsula Borough",Alaska,58367,16,3648
"Ketchikan Gateway Borough",Alaska,13739,4,3435
"Kodiak Island Borough",Alaska,13001,6,2167
"Lake and Peninsula Borough",Alaska,1622,23,71
"Matanuska-Susitna Borough",Alaska,106438,24,4435
"North Slope Borough",Alaska,9886,88,112
"Northwest Arctic Borough",Alaska,7715,35,220
"Petersburg Borough",Alaska,3226,2,1613
Sitka,Alaska,8532,2,4266
Skagway,Alaska,1095,434,3
"Unorganized Borough",Alaska,76534,295,259
Wrangell,Alaska,2400,2,1200
Yakutat,Alaska,540,7,77
"Apache County",Arizona,69980,11,6362
"Cochise County",Arizona,127866,6,21311
"Coconino County",Arizona,134421,18,7468
"Gila County",Arizona,51994,4,12999
"Graham County","North Carolina",75,302,0
"Greenlee County",Arizona,7754,1,7754
"La Paz County",Arizona,20172,4,5043
"Maricopa County",Arizona,3990181,9,443353
"Mohave County",Arizona,194944,13,14996
"Navajo County",Arizona,111273,9,12364
"Pima County",Arizona,1003235,9,111471
"Pinal County",Arizona,324962,5,64992
"Santa Cruz County",California,275897,446,619
"Yavapai County",Arizona,212635,8,26579
"Yuma County",Colorado,10043,2,5022
"Arkansas County",Arkansas,19019,1,19019
"Ashley County",Arkansas,21853,939,23
"Baxter County",Arkansas,41513,586,71
"Benton County",Washington,204390,1,204390
"Boone County","West Virginia",24629,503,49
"Bradley County",Tennessee,98963,329,301
"Carroll County",Virginia,29724,476,62
"Chicot County",Arkansas,11800,690,17
"Clark County",Wisconsin,34690,1,34690
"Cleveland County",Oklahoma,255755,536,477
"Columbia County",Wisconsin,56833,765,74
"Conway County",Arkansas,21273,566,38
"Craighead County",Arkansas,96443,712,135
"Crawford County",Wisconsin,16644,570,29
"Crittenden County",Kentucky,9224,362,25
"Cross County",Arkansas,17870,622,29
"Desha County",Arkansas,13008,819,16
"Drew County",Arkansas,18509,835,22
"Faulkner County",Arkansas,113237,664,171
"Fulton County",Pennsylvania,14845,438,34
"Garland County",Arkansas,96024,734,131
"Grant County",Wisconsin,51208,1,51208
"Hempstead County",Arkansas,22609,741,31
"Hot Spring County",Arkansas,32923,622,53
"Howard County",Texas,36040,903,40
"Independence County",Arkansas,36647,771,48
"Izard County",Arkansas,13696,584,23
"Johnson County",Wyoming,8615,4,2154
"Lafayette County",Wisconsin,16836,633,27
"Lincoln County",Wyoming,17961,4,4490
"Little River County",Arkansas,13171,564,23
"Logan County","West Virginia",36743,454,81
"Lonoke County",Arkansas,68356,802,85
"Miller County",Missouri,24748,592,42
"Mississippi County",Missouri,14358,413,35
"Nevada County",California,99814,958,104
"Newton County",Texas,13952,933,15
"Ouachita County",Arkansas,26120,739,35
"Phillips County",Montana,4192,5,838
"Poinsett County",Arkansas,24583,763,32
"Polk County",Wisconsin,44205,913,48
"Pope County",Minnesota,10995,670,16
"Prairie County",Montana,1148,1,1148
"Pulaski County",Virginia,34332,321,107
"St. Francis County",Arkansas,28258,642,44
"Saline County",Missouri,23370,756,31
"Scott County",Virginia,22126,537,41
"Searcy County",Arkansas,8195,668,12
"Sebastian County",Arkansas,125744,546,230
"Sevier County",Utah,20802,1,20802
"Sharp County",Arkansas,17264,606,28
"Stone County",Missouri,32202,463,70
"Union County",Tennessee,19109,224,85
"Van Buren County",Tennessee,5548,247,22
"White County",Tennessee,25841,377,69
"Woodruff County",Arkansas,7260,594,12
"Yell County",Arkansas,22185,948,23
"Alameda County",California,1663190,738,2254
"Alpine County",California,1120,739,2
"Amador County",California,38626,606,64
"Butte County","South Dakota",10110,2,5055
"Calaveras County",California,45670,1,45670
"Colusa County",California,21805,1,21805
"Contra Costa County",California,1147439,720,1594
"Del Norte County",California,27470,1,27470
"El Dorado County",California,188987,1,188987
"Fresno County",California,989255,5,197851
"Glenn County",California,28094,1,28094
"Humboldt County",Nevada,16528,9,1836
"Imperial County",California,182830,4,45708
"Inyo County",California,18026,10,1803
"Kern County",California,893119,8,111640
"Kings County","New York",47,96,0
"Lake County",Tennessee,7832,163,48
"Lassen County",California,31163,4,7791
"Los Angeles County",California,10163507,4,2540877
"Madera County",California,156890,2,78445
"Marin County",California,260955,520,502
"Mariposa County",California,17569,1,17569
"Mendocino County",California,88018,3,29339
"Merced County",California,272673,1,272673
"Modoc County",California,8859,3,2953
"Mono County",California,14168,3,4723
"Monterey County",California,437907,3,145969
"Napa County",California,140973,754,187
"Orange County",Virginia,35385,342,103
"Placer County",California,386166,1,386166
"Plumas County",California,18742,2,9371
"Riverside County",California,2423266,7,346181
"Sacramento County",California,1530615,966,1584
"San Benito County",California,60310,1,60310
"San Bernardino County",California,2157404,20,107870
"San Diego County",California,3337685,4,834421
"San Francisco",California,884363,47,18816
"San Joaquin County",California,745424,1,745424
"San Luis Obispo County",California,283405,3,94468
"San Mateo County",California,771410,449,1718
"Santa Barbara County",California,448150,2,224075
"Santa Clara County",California,1938153,1,1938153
"Shasta County",California,179921,3,59974
"Sierra County","New Mexico",51,4,13
"Siskiyou County",California,43853,6,7309
"Solano County",California,445458,828,538
"Sonoma County",California,504217,1,504217
"Stanislaus County",California,547899,1,547899
"Sutter County",California,96648,603,160
"Tehama County",California,63926,2,31963
"Trinity County",Texas,14667,693,21
"Tulare County",California,464493,4,116123
"Tuolumne County",California,54248,2,27124
"Ventura County",California,854223,1,854223
"Yolo County",California,219116,1,219116
"Yuba County",California,77031,630,122
"Adams County",Wisconsin,20875,645,32
"Alamosa County",Colorado,15445,723,21
"Arapahoe County",Colorado,572003,804,711
"Archuleta County",Colorado,12084,1,12084
"Baca County",Colorado,3788,2,1894
"Bent County",Colorado,6499,1,6499
"Boulder County",Colorado,294567,740,398
"City and County of Broomfield",Colorado,55889,33,1694
"Chaffee County",Colorado,17809,1,17809
"Cheyenne County",Nebraska,10091,1,10091
"Clear Creek County",Colorado,9088,396,23
"Conejos County",Colorado,8256,1,8256
"Costilla County",Colorado,3524,1,3524
"Crowley County",Colorado,5823,800,7
"Custer County","South Dakota",8216,1,8216
"Delta County",Texas,5298,277,19
"City and County of Denver",Colorado,600158,155,3872
"Dolores County",Colorado,2064,1,2064
"Douglas County",Wisconsin,44159,1,44159
"Eagle County",Colorado,52197,1,52197
"El Paso County",Texas,840410,1,840410
"Elbert County",Georgia,19684,369,53
"Fremont County",Wyoming,41110,9,4568
"Garfield County",Washington,2225,710,3
"Gilpin County",Colorado,5441,150,36
"Grand County",Utah,9225,3,3075
"Gunnison County",Colorado,15324,3,5108
"Hinsdale County",Colorado,843,1,843
"Huerfano County",Colorado,6711,1,6711
"Kiowa County",Oklahoma,9446,1,9446
"Kit Carson County",Colorado,8270,2,4135
"La Plata County",Colorado,51334,1,51334
"Larimer County",Colorado,299630,2,149815
"Las Animas County",Colorado,15507,4,3877
"Mesa County",Colorado,146723,3,48908
"Mineral County","West Virginia",28212,328,86
"Moffat County",Colorado,13795,4,3449
"Montezuma County",Colorado,25535,2,12768
"Montrose County",Colorado,41276,2,20638
"Otero County","New Mexico",35,6,6
"Ouray County",Colorado,4436,542,8
"Park County",Wyoming,28702,6,4784
"Pitkin County",Colorado,17148,970,18
"Prowers County",Colorado,12551,1,12551
"Pueblo County",Colorado,159063,2,79532
"Rio Blanco County",Colorado,6666,3,2222
"Rio Grande County",Colorado,11982,913,13
"Routt County",Colorado,23509,2,11755
"Saguache County",Colorado,6108,3,2036
"San Juan County",Washington,17582,175,100
"San Miguel County","New Mexico",47,4,12
"Sedgwick County",Kansas,503889,1,503889
"Summit County",Utah,36324,1,36324
"Teller County",Colorado,23350,558,42
"Weld County",Colorado,252825,4,63206
"Fairfield County","South Carolina",22653,710,32
"Hartford County",Connecticut,894014,736,1215
"Litchfield County",Connecticut,189927,920,206
"Middlesex County",Virginia,10606,130,82
"New Haven County",Connecticut,862477,606,1423
"New London County",Connecticut,274055,666,411
"Tolland County",Connecticut,152691,410,372
"Windham County",Vermont,43386,789,55
"Kent County",Texas,763,902,1
"New Castle County",Delaware,538479,494,1090
"Sussex County",Virginia,11715,491,24
"Alachua County",Florida,249365,874,285
"Baker County",Oregon,16510,3,5503
"Bay County",Michigan,107771,631,171
"Bradford County",Pennsylvania,62622,1,62622
"Brevard County",Florida,543566,1,543566
"Broward County",Florida,1780172,1,1780172
"Charlotte County",Virginia,12201,475,26
"Citrus County",Florida,140031,584,240
"Collier County",Florida,328134,2,164067
"DeSoto County",Mississippi,161252,478,337
"Dixie County",Florida,16486,704,23
"Duval County",Texas,11273,1,11273
"Flagler County",Florida,97376,485,201
"Gadsden County",Florida,46151,516,89
"Gilchrist County",Florida,17004,349,49
"Glades County",Florida,12635,774,16
"Gulf County",Florida,15844,565,28
"Hamilton County",Texas,8422,836,10
"Hardee County",Florida,27887,637,44
"Hendry County",Florida,39089,1,39089
"Hernando County",Florida,173094,478,362
"Highlands County",Florida,98630,1,98630
"Hillsborough County","New Hampshire",406678,876,464
"Holmes County",Mississippi,19198,756,25
"Indian River County",Florida,138894,503,276
"Leon County",Texas,17243,1,17243
"Levy County",Florida,40156,1,40156
"Liberty County",Texas,83658,1,83658
"Manatee County",Florida,327142,741,441
"Martin County",Texas,5626,915,6
"Miami-Dade County",Florida,2662874,1,2662874
"Nassau County","New York",59,453,0
"Okaloosa County",Florida,183482,936,196
"Okeechobee County",Florida,40140,774,52
"Osceola County",Michigan,23528,573,41
"Palm Beach County",Florida,1335187,2,667594
"Pasco County",Florida,466457,745,626
"Pinellas County",Florida,917398,280,3276
"Putnam County","West Virginia",55486,346,160
"St. Johns County",Florida,195823,609,322
"St. Lucie County",Florida,280379,572,490
"Santa Rosa County",Florida,154104,1,154104
"Sarasota County",Florida,382213,572,668
"Seminole County",Oklahoma,25482,632,40
"Suwannee County",Florida,41972,688,61
"Taylor County",Wisconsin,20689,974,21
"Volusia County",Florida,494804,1,494804
"Wakulla County",Florida,30978,607,51
"Walton County",Georgia,84575,329,257
"Appling County",Georgia,18368,509,36
"Atkinson County",Georgia,8284,338,25
"Bacon County",Georgia,11198,285,39
"Banks County",Georgia,18316,234,78
"Barrow County",Georgia,70169,162,433
"Bartow County",Georgia,100661,460,219
"Ben Hill County",Georgia,17538,252,70
"Berrien County",Michigan,156813,1,156813
"Bleckley County",Georgia,12913,217,60
"Brantley County",Georgia,18587,444,42
"Brooks County",Texas,7235,943,8
"Bryan County",Oklahoma,42416,909,47
"Bulloch County",Georgia,72694,683,106
"Burke County","North Dakota",1968,1,1968
"Butts County",Georgia,23524,187,126
"Camden County",Missouri,44002,655,67
"Candler County",Georgia,11117,247,45
"Catoosa County",Georgia,65046,162,402
"Charlton County",Georgia,13295,781,17
"Chatham County","North Carolina",37,709,0
"Chattahoochee County",Georgia,13037,249,52
"Chattooga County",Georgia,25725,314,82
"Clayton County",Iowa,18129,779,23
"Clinch County",Georgia,6718,809,8
"Cobb County",Georgia,707442,340,2081
"Colquitt County",Georgia,46137,552,84
"Cook County",Minnesota,5176,1,5176
"Coweta County",Georgia,130929,443,296
"Crisp County",Georgia,23606,274,86
"Dade County",Missouri,7883,490,16
"Dawson County",Texas,12813,902,14
"Decatur County",Tennessee,11757,333,35
"Dodge County",Wisconsin,88759,875,101
"Dooly County",Georgia,14318,393,36
"Dougherty County",Georgia,94501,330,286
"Early County",Georgia,10594,511,21
"Echols County",Georgia,3988,404,10
"Effingham County",Illinois,34242,479,71
"Emanuel County",Georgia,22898,686,33
"Evans County",Georgia,10689,185,58
"Fannin County",Texas,34446,892,39
"Floyd County",Virginia,15651,382,41
"Forsyth County","North Carolina",67,413,0
"Gilmer County","West Virginia",8693,340,26
"Glascock County",Georgia,3142,144,22
"Glynn County",Georgia,81022,422,192
"Gordon County",Georgia,55766,355,157
"Grady County",Oklahoma,52431,1,52431
"Gwinnett County",Georgia,842046,433,1945
"Habersham County",Georgia,43520,278,157
"Hall County",Texas,3071,903,3
"Hancock County","West Virginia",30676,83,370
"Haralson County",Georgia,28400,282,101
"Harris County",Texas,4652980,1,4652980
"Hart County",Kentucky,18597,416,45
"Heard County",Georgia,11633,296,39
"Irwin County",Georgia,9600,357,27
"Jasper County",Texas,35561,938,38
"Jeff Davis County",Texas,2280,2,1140
"Jenkins County",Georgia,9213,350,26
"Jones County",Texas,19983,931,21
"Lanier County",Georgia,10400,187,56
"Laurens County","South Carolina",66777,724,92
"Long County",Georgia,16048,401,40
"Lumpkin County",Georgia,30611,284,108
"McDuffie County",Georgia,21663,260,83
"McIntosh County",Oklahoma,20252,620,33
"Meriwether County",Georgia,21273,503,42
"Mitchell County",Texas,8468,910,9
"Murray County",Minnesota,8725,704,12
"Muscogee County",Georgia,198413,216,919
"Oconee County","South Carolina",76355,674,113
"Oglethorpe County",Georgia,14618,441,33
"Paulding County",Ohio,19614,416,47
"Peach County",Georgia,27622,151,183
"Pierce County",Wisconsin,41019,573,72
"Quitman County",Mississippi,8223,405,20
"Rabun County",Georgia,16297,371,44
"Richmond County",Virginia,8908,192,46
"Rockdale County",Georgia,85820,131,655
"Schley County",Georgia,4990,168,30
"Screven County",Georgia,14202,648,22
"Spalding County",Georgia,63865,198,323
"Stephens County",Texas,9337,895,10
"Stewart County",Tennessee,13324,458,29
"Talbot County",Maryland,38098,477,80
"Taliaferro County",Georgia,1680,195,9
"Tattnall County",Georgia,25384,484,52
"Telfair County",Georgia,16349,441,37
"Terrell County",Texas,810,2,405
"Thomas County",Nebraska,699,713,1
"Tift County",Georgia,41064,265,155
"Toombs County",Georgia,27315,367,74
"Towns County",Georgia,10495,166,63
"Treutlen County",Georgia,6769,201,34
"Troup County",Georgia,68468,414,165
"Turner County","South Dakota",8347,617,14
"Twiggs County",Georgia,8447,360,23
"Upson County",Georgia,26630,326,82
"Ware County",Georgia,35821,903,40
"Warren County",Virginia,39083,214,183
"Wayne County","West Virginia",42481,506,84
"Webster County","West Virginia",9154,556,16
"Wheeler County",Texas,5358,914,6
"Whitfield County",Georgia,103359,290,356
"Wilkes County","North Carolina",193,760,0
"Wilkinson County",Mississippi,9878,677,15
"Worth County",Missouri,2171,266,8
"Hawaii County",Hawaii,185079,4,46270
"Honolulu County",Hawaii,953207,597,1597
"Kalawao County",Hawaii,88,5,18
"Kauai County",Hawaii,67091,622,108
"Maui County",Hawaii,154834,1,154834
"Ada County",Idaho,392365,1,392365
"Bannock County",Idaho,82839,1,82839
"Bear Lake County",Idaho,5986,971,6
"Benewah County",Idaho,9285,776,12
"Bingham County",Idaho,45607,2,22804
"Blaine County",Oklahoma,11943,929,13
"Boise County",Idaho,7028,1,7028
"Bonner County",Idaho,40877,1,40877
"Bonneville County",Idaho,104234,1,104234
"Boundary County",Idaho,10972,1,10972
"Camas County",Idaho,1117,1,1117
"Canyon County",Idaho,188923,590,320
"Caribou County",Idaho,6963,1,6963
"Cassia County",Idaho,22952,2,11476
"Clearwater County",Minnesota,8695,994,9
"Gem County",Idaho,16719,563,30
"Gooding County",Idaho,15464,731,21
"Idaho County",Idaho,16267,8,2033
"Jerome County",Idaho,22374,600,37
"Kootenai County",Idaho,138494,1,138494
"Latah County",Idaho,37244,1,37244
"Lemhi County",Idaho,7936,4,1984
"Lewis County","West Virginia",16372,389,42
"Minidoka County",Idaho,20069,760,26
"Nez Perce County",Idaho,39265,849,46
"Oneida County",Wisconsin,35998,1,35998
"Owyhee County",Idaho,11526,7,1647
"Payette County",Idaho,22623,408,55
"Power County",Idaho,7817,1,7817
"Shoshone County",Idaho,12765,2,6383
"Teton County",Wyoming,21675,4,5419
"Twin Falls County",Idaho,77230,1,77230
"Valley County",Nebraska,4193,568,7
"Alexander County","North Carolina",3,263,0
"Bond County",Illinois,17768,380,47
"Brown County",Wisconsin,248007,529,469
"Bureau County",Illinois,34978,869,40
"Cass County",Texas,30012,938,32
"Champaign County",Ohio,40097,428,94
"Christian County",Missouri,77422,563,138
"Clinton County",Pennsylvania,39238,898,44
"Coles County",Illinois,53873,508,106
"Cumberland County",Virginia,9719,298,33
"DeWitt County",Texas,20226,909,22
"DuPage County",Illinois,916924,334,2745
"Edgar County",Illinois,18576,624,30
"Edwards County",Texas,1953,2,977
"Ford County",Kansas,34752,1,34752
"Gallatin County",Montana,97308,2,48654
"Grundy County",Tennessee,13703,361,38
"Hardin County",Texas,57139,894,64
"Henderson County",Texas,81064,874,93
"Iroquois County",Illinois,29718,1,29718
"Jersey County",Illinois,22985,369,62
"Jo Daviess County",Illinois,22678,601,38
"Kane County",Utah,7125,3,2375
"Kankakee County",Illinois,113449,678,167
"Kendall County",Texas,44026,662,67
"Knox County",Texas,3710,854,4
"LaSalle County",Illinois,113924,1,113924
"Livingston County",Missouri,15195,535,28
"Macoupin County",Illinois,47765,864,55
"Mason County","West Virginia",27324,432,63
"Massac County",Illinois,15429,239,65
"McDonough County",Illinois,32612,589,55
"McHenry County","North Dakota",5395,1,5395
"McLean County","North Dakota",8962,2,4481
"Menard County",Texas,2124,902,2
"Mercer County","West Virginia",62264,420,148
"Moultrie County",Illinois,14846,336,44
"Ogle County",Illinois,53497,759,70
"Peoria County",Illinois,186494,620,301
"Piatt County",Illinois,16729,440,38
"Richland County",Wisconsin,18021,586,31
"Rock Island County",Illinois,147546,427,346
"Sangamon County",Illinois,197465,868,227
"Schuyler County",Missouri,4431,308,14
"Stark County",Ohio,375586,576,652
"Stephenson County",Illinois,47711,564,85
"Tazewell County",Virginia,42899,520,82
"Vermilion County",Illinois,81625,899,91
"Wabash County",Indiana,32888,412,80
"Whiteside County",Illinois,58498,685,85
"Will County",Illinois,677560,837,810
"Williamson County",Texas,547545,1,547545
"Winnebago County",Wisconsin,166994,434,385
"Woodford County",Kentucky,25563,191,134
"Allen County",Ohio,106331,404,263
"Bartholomew County",Indiana,76794,407,189
"Blackford County",Indiana,12766,165,77
"Daviess County",Missouri,8433,567,15
"Dearborn County",Indiana,50047,305,164
"Delaware County",Pennsylvania,558979,191,2927
"Dubois County",Indiana,41889,427,98
"Elkhart County",Indiana,197559,463,427
"Fountain County",Indiana,17240,396,44
"Gibson County",Tennessee,49683,603,82
"Harrison County","West Virginia",69099,416,166
"Hendricks County",Indiana,145488,407,357
"Huntington County",Indiana,37124,383,97
"Jay County",Indiana,21253,384,55
"Jennings County",Indiana,28525,377,76
"Kosciusko County",Indiana,77358,531,146
"LaGrange County",Indiana,37128,380,98
"LaPorte County",Indiana,111467,598,186
"Miami County",Ohio,102506,407,252
"Noble County",Oklahoma,11561,732,16
"Ohio County","West Virginia",44443,106,419
"Owen County",Kentucky,10645,352,30
"Parke County",Indiana,17339,445,39
"Porter County",Indiana,164343,418,393
"Posey County",Indiana,25910,410,63
"Ripley County",Missouri,14100,630,22
"Rush County",Kansas,3220,718,4
"St. Joseph County",Michigan,61295,521,118
"Spencer County",Kentucky,17668,186,95
"Starke County",Indiana,23363,309,76
"Steuben County","New York",101,1,101
"Sullivan County",Tennessee,156823,413,380
"Switzerland County",Indiana,10613,221,48
"Tippecanoe County",Indiana,172780,500,346
"Tipton County",Tennessee,61081,459,133
"Vanderburgh County",Indiana,179703,233,771
"Vermillion County",Indiana,16212,257,63
"Vigo County",Indiana,107818,403,268
"Warrick County",Indiana,59689,385,155
"Wells County","North Dakota",4207,1,4207
"Whitley County",Kentucky,35503,440,81
"Adair County",Missouri,25607,568,45
"Allamakee County",Iowa,14330,640,22
"Appanoose County",Iowa,12884,496,26
"Audubon County",Iowa,6119,443,14
"Black Hawk County",Iowa,131090,567,231
"Bremer County",Iowa,24276,428,57
"Buchanan County",Virginia,22776,504,45
"Buena Vista County",Iowa,20260,575,35
"Cedar County",Missouri,13982,476,29
"Cerro Gordo County",Iowa,44151,568,78
"Chickasaw County",Mississippi,17392,502,35
"Davis County",Utah,306479,299,1025
"Des Moines County",Iowa,40325,416,97
"Dickinson County",Michigan,26168,777,34
"Dubuque County",Iowa,93653,608,154
"Emmet County",Michigan,32694,882,37
"Guthrie County",Iowa,10954,591,19
"Ida County",Iowa,7089,432,16
"Iowa County",Wisconsin,23687,762,31
"Keokuk County",Iowa,10511,579,18
"Kossuth County",Iowa,15543,973,16
"Linn County",Missouri,12761,620,21
"Louisa County",Virginia,34602,498,69
"Lucas County",Ohio,441815,340,1299
"Lyon County",Minnesota,25857,714,36
"Mahaska County",Iowa,22381,571,39
"Mills County",Texas,4921,748,7
"Monona County",Iowa,9243,693,13
"Muscatine County",Iowa,42745,439,97
"O'Brien County",Iowa,14398,573,25
"Page County",Virginia,23726,311,76
"Palo Alto County",Iowa,9421,564,17
"Plymouth County",Massachusetts,494919,661,749
"Pocahontas County","West Virginia",8719,940,9
"Pottawattamie County",Iowa,93158,954,98
"Poweshiek County",Iowa,18914,585,32
"Ringgold County",Iowa,5131,538,10
"Sac County",Iowa,10350,576,18
"Sioux County","North Dakota",4153,1,4153
"Story County",Iowa,89542,573,156
"Tama County",Iowa,17767,721,25
"Wapello County",Iowa,35625,432,82
"Winneshiek County",Iowa,21056,690,31
"Woodbury County",Iowa,102172,873,117
"Wright County",Missouri,18815,682,28
"Anderson County",Texas,57741,1,57741
"Atchison County",Missouri,5685,545,10
"Barber County",Kansas,4861,1,4861
"Barton County",Missouri,12402,594,21
"Bourbon County",Kentucky,19972,291,69
"Chase County",Nebraska,4000,894,4
"Chautauqua County","New York",13,1,13
"Cloud County",Kansas,9397,716,13
"Coffey County",Kansas,8502,630,13
"Comanche County",Texas,13573,938,14
"Cowley County",Kansas,36288,1,36288
"Doniphan County",Kansas,7864,392,20
"Elk County",Pennsylvania,31946,832,38
"Ellis County",Texas,173620,940,185
"Ellsworth County",Kansas,6494,716,9
"Finney County",Kansas,37200,1,37200
"Geary County",Kansas,38013,384,99
"Gove County",Kansas,2729,1,2729
"Gray County",Texas,22404,928,24
"Greeley County",Nebraska,2494,570,4
"Greenwood County","South Carolina",70133,463,151
"Harper County",Oklahoma,3685,1,3685
"Harvey County",Kansas,34852,539,65
"Haskell County",Texas,5746,903,6
"Hodgeman County",Kansas,1963,860,2
"Jewell County",Kansas,3046,909,3
"Kearny County",Kansas,3968,870,5
"Kingman County",Kansas,7863,864,9
"Labette County",Kansas,21284,649,33
"Lane County",Oregon,365940,4,91485
"Leavenworth County",Kansas,77739,463,168
"McPherson County","South Dakota",2459,1,2459
"Meade County","South Dakota",25434,3,8478
"Morris County",Texas,12467,254,49
"Morton County","North Dakota",27471,1,27471
"Nemaha County",Nebraska,7157,409,17
"Neosho County",Kansas,16406,572,29
"Ness County",Kansas,3068,1,3068
"Norton County",Kansas,5612,878,6
"Osage County",Missouri,13878,606,23
"Osborne County",Kansas,3806,893,4
"Ottawa County",Michigan,263801,1,263801
"Pawnee County",Oklahoma,16577,570,29
"Pottawatomie County",Oklahoma,69442,788,88
"Pratt County",Kansas,9728,735,13
"Rawlins County",Kansas,2560,1,2560
"Reno County",Kansas,64438,1,64438
"Republic County",Kansas,4858,716,7
"Rice County",Minnesota,64142,497,129
"Riley County",Kansas,75508,610,124
"Rooks County",Kansas,5223,888,6
"Seward County",Nebraska,17089,575,30
"Shawnee County",Kansas,178991,550,325
"Sheridan County",Wyoming,29596,2,14798
"Sherman County",Texas,3067,923,3
"Smith County",Texas,227727,928,245
"Stafford County",Virginia,142003,270,526
"Stanton County",Nebraska,6133,430,14
"Stevens County",Washington,45723,2,22862
"Sumner County",Tennessee,160645,529,304
"Trego County",Kansas,2986,888,3
"Wabaunsee County",Kansas,7039,798,9
"Wallace County",Kansas,1517,914,2
"Wichita County",Texas,132000,628,210
"Wilson County",Texas,49304,807,61
"Woodson County",Kansas,3278,501,7
"Wyandotte County",Kansas,159129,151,1054
"Ballard County",Kentucky,8240,251,33
"Barren County",Kentucky,43148,491,88
"Bath County",Virginia,4470,532,8
"Bell County",Texas,347833,1,347833
"Boyd County",Nebraska,2032,540,4
"Boyle County",Kentucky,29706,182,163
"Bracken County",Kentucky,8406,203,41
"Breathitt County",Kentucky,13409,495,27
"Breckinridge County",Kentucky,19888,572,35
"Bullitt County",Kentucky,77955,299,261
"Caldwell County",Texas,42338,546,78
"Calloway County",Kentucky,38282,386,99
"Campbell County",Wyoming,47874,4,11969
"Carlisle County",Kentucky,4978,192,26
"Carter County",Tennessee,57424,341,168
"Casey County",Kentucky,15891,446,36
"Edmonson County",Kentucky,12013,303,40
"Elliott County",Kentucky,7672,234,33
"Estill County",Kentucky,14447,254,57
"Fleming County",Kentucky,14545,351,41
"Garrard County",Kentucky,16858,231,73
"Graves County",Kentucky,37618,556,68
"Grayson County",Virginia,16012,443,36
"Green County",Wisconsin,36842,583,63
"Greenup County",Kentucky,36308,346,105
"Harlan County",Nebraska,3513,553,6
"Hickman County",Tennessee,24690,613,40
"Hopkins County",Texas,36496,785,46
"Jessamine County",Kentucky,50815,173,294
"Kenton County",Kentucky,163929,163,1006
"Knott County",Kentucky,15892,352,45
"LaRue County",Kentucky,14180,263,54
"Laurel County",Kentucky,60015,436,138
"Leslie County",Kentucky,10918,404,27
"Letcher County",Kentucky,23359,339,69
"McCracken County",Kentucky,65316,251,260
"McCreary County",Kentucky,17863,428,42
"Magoffin County",Kentucky,12913,310,42
"Menifee County",Kentucky,6287,204,31
"Metcalfe County",Kentucky,9990,291,34
"Muhlenberg County",Kentucky,31207,475,66
"Nelson County",Virginia,14785,472,31
"Nicholas County","West Virginia",26233,649,40
"Oldham County",Texas,2114,1,2114
"Owsley County",Kentucky,4508,198,23
"Pendleton County","West Virginia",7695,698,11
"Powell County",Montana,6909,2,3455
"Robertson County",Texas,17203,855,20
"Rockcastle County",Kentucky,16826,318,53
"Rowan County","North Carolina",159,524,0
"Simpson County",Mississippi,27503,589,47
"Todd County","South Dakota",9612,1,9612
"Trigg County",Kentucky,14142,443,32
"Trimble County",Kentucky,8786,149,59
"Wolfe County",Kentucky,7214,223,32
"Acadia Parish",Louisiana,61773,658,94
"Allen Parish",Louisiana,25764,766,34
"Ascension Parish",Louisiana,107215,303,354
"Assumption Parish",Louisiana,23421,364,64
"Avoyelles Parish",Louisiana,42073,866,49
"Beauregard Parish",Louisiana,35654,1,35654
"Bienville Parish",Louisiana,14353,822,17
"Bossier Parish",Louisiana,116979,867,135
"Caddo Parish",Louisiana,254969,937,272
"Calcasieu Parish",Louisiana,192768,1,192768
"Caldwell Parish",Louisiana,10132,541,19
"Cameron Parish",Louisiana,6839,1,6839
"Catahoula Parish",Louisiana,10407,739,14
"Claiborne Parish",Louisiana,17195,768,22
"Concordia Parish",Louisiana,20822,749,28
"DeSoto Parish",Louisiana,26656,895,30
"East Baton Rouge Parish",Louisiana,440171,471,935
"East Carroll Parish",Louisiana,7759,442,18
"East Feliciana Parish",Louisiana,20267,456,44
"Evangeline Parish",Louisiana,33984,680,50
"Franklin Parish",Louisiana,20767,636,33
"Grant Parish",Louisiana,22309,664,34
"Iberia Parish",Louisiana,73240,1,73240
"Iberville Parish",Louisiana,33387,653,51
"Jackson Parish",Louisiana,16274,580,28
"Jefferson Parish",Louisiana,432552,642,674
"Jefferson Davis Parish",Louisiana,31594,659,48
"Lafayette Parish",Louisiana,221578,270,821
"Lafourche Parish",Louisiana,96318,1,96318
"LaSalle Parish",Louisiana,14890,663,22
"Lincoln Parish",Louisiana,46735,472,99
"Livingston Parish",Louisiana,128026,703,182
"Madison Parish",Louisiana,12093,651,19
"Morehouse Parish",Louisiana,27979,805,35
"Natchitoches Parish",Louisiana,39566,1,39566
"Orleans Parish",Louisiana,343829,350,982
"Ouachita Parish",Louisiana,153720,633,243
"Plaquemines Parish",Louisiana,23042,2,11521
"Pointe Coupee Parish",Louisiana,22802,591,39
"Rapides Parish",Louisiana,131613,1,131613
"Red River Parish",Louisiana,9091,402,23
"Richland Parish",Louisiana,20725,564,37
"Sabine Parish",Louisiana,24233,1,24233
"St. Bernard Parish",Louisiana,35897,1,35897
"St. Charles Parish",Louisiana,52780,410,129
"St. Helena Parish",Louisiana,11203,409,27
"St. James Parish",Louisiana,22102,258,86
"St. John the Baptist Parish",Louisiana,45924,348,132
"St. Landry Parish",Louisiana,83384,939,89
"St. Martin Parish",Louisiana,52160,817,64
"St. Mary Parish",Louisiana,54650,612,89
"St. Tammany Parish",Louisiana,233740,1,233740
"Tangipahoa Parish",Louisiana,121097,823,147
"Tensas Parish",Louisiana,5066,641,8
"Terrebonne Parish",Louisiana,111860,2,55930
"Union Parish",Louisiana,22721,905,25
"Vermilion Parish",Louisiana,57999,1,57999
"Vernon Parish",Louisiana,52334,1,52334
"Washington Parish",Louisiana,47168,676,70
"Webster Parish",Louisiana,41207,615,67
"West Baton Rouge Parish",Louisiana,23788,203,117
"West Carroll Parish",Louisiana,11604,360,32
"West Feliciana Parish",Louisiana,15625,426,37
"Winn Parish",Louisiana,15313,957,16
"Androscoggin County",Maine,107233,497,216
"Aroostook County",Maine,68628,6,11438
"Kennebec County",Maine,119980,951,126
"Oxford County",Maine,57202,2,28601
"Penobscot County",Maine,152692,3,50897
"Piscataquis County",Maine,16931,4,4233
"Sagadahoc County",Maine,35149,370,95
"Somerset County",Pennsylvania,77742,1,77742
"Waldo County",Maine,39155,853,46
"York County",Virginia,67837,106,640
"Beaverhead County",Montana,9345,5,1869
"Big Horn County",Wyoming,11794,3,3931
"Broadwater County",Montana,5667,1,5667
"Carbon County",Wyoming,15666,7,2238
"Cascade County",Montana,82344,2,41172
"Chouteau County",Montana,5894,3,1965
"Daniels County",Montana,1793,1,1793
"Deer Lodge County",Montana,9150,737,12
"Fallon County",Montana,3108,1,3108
"Fergus County",Montana,11442,4,2861
"Flathead County",Montana,94924,5,18985
"Glacier County",Montana,13696,2,6848
"Golden Valley County","North Dakota",1680,1,1680
"Granite County",Montana,3209,1,3209
"Hill County",Texas,35852,962,37
"Judith Basin County",Montana,1991,1,1991
"Lewis and Clark County",Montana,65856,3,21952
"McCone County",Montana,1694,2,847
"Meagher County",Montana,1853,2,927
"Missoula County",Montana,112684,2,56342
"Musselshell County",Montana,4589,1,4589
"Petroleum County",Montana,485,1,485
"Pondera County",Montana,6219,1,6219
"Powder River County",Montana,1783,3,594
"Ravalli County",Montana,41030,2,20515
"Roosevelt County","New Mexico",41,2,21
"Rosebud County",Montana,9326,5,1865
"Sanders County",Montana,11364,2,5682
"Silver Bow County",Montana,34680,718,48
"Stillwater County",Montana,9290,1,9290
"Sweet Grass County",Montana,3665,1,3665
"Toole County",Montana,5150,1,5150
"Treasure County",Montana,692,979,1
"Wheatland County",Montana,2102,1,2102
"Wibaux County",Montana,1121,889,1
"Yellowstone County",Montana,155634,2,77817
"Antelope County",Nebraska,6456,857,8
"Arthur County",Nebraska,458,715,1
"Banner County",Nebraska,759,746,1
"Box Butte County",Nebraska,11305,1,11305
"Buffalo County",Wisconsin,13587,671,20
"Burt County",Nebraska,6574,493,13
"Cherry County",Nebraska,5788,5,1158
"Colfax County","New Mexico",7,3,2
"Cuming County",Nebraska,8996,572,16
"Dakota County",Minnesota,398552,569,700
"Dawes County",Nebraska,9088,1,9088
"Deuel County","South Dakota",4364,624,7
"Dixon County",Nebraska,5851,476,12
"Dundy County",Nebraska,1981,920,2
"Fillmore County",Minnesota,20866,861,24
"Frontier County",Nebraska,2709,975,3
"Furnas County",Nebraska,4865,718,7
"Gage County",Nebraska,21864,855,26
"Garden County",Nebraska,1902,1,1902
"Gosper County",Nebraska,1972,458,4
"Hayes County",Nebraska,976,713,1
"Hitchcock County",Nebraska,2872,710,4
"Holt County",Missouri,4912,462,11
"Hooker County",Nebraska,738,721,1
"Kearney County",Nebraska,6548,516,13
"Keith County",Nebraska,8130,1,8130
"Keya Paha County",Nebraska,790,773,1
"Kimball County",Nebraska,3702,952,4
"Lancaster County",Virginia,10965,133,82
"Loup County",Nebraska,576,570,1
"Merrick County",Nebraska,7802,485,16
"Morrill County",Nebraska,4908,1,4908
"Nance County",Nebraska,3623,441,8
"Nuckolls County",Nebraska,4413,575,8
"Otoe County",Nebraska,15752,616,26
"Perkins County","South Dakota",2982,2,1491
"Phelps County",Missouri,45156,673,67
"Platte County",Wyoming,8756,2,4378
"Red Willow County",Nebraska,11006,717,15
"Richardson County",Nebraska,8125,554,15
"Rock County",Wisconsin,160331,718,223
"Sarpy County",Nebraska,169331,241,703
"Saunders County",Nebraska,20929,754,28
"Scotts Bluff County",Nebraska,36848,739,50
"Thayer County",Nebraska,5189,575,9
"Thurston County",Washington,290536,727,400
"Carson City",Nevada,55274,144,384
"Churchill County",Nevada,24877,4,6219
"Elko County",Nevada,48818,17,2872
"Esmeralda County",Nevada,783,3,261
"Eureka County",Nevada,1987,4,497
"Lander County",Nevada,5775,5,1155
"Nye County",Nevada,43946,18,2441
"Pershing County",Nevada,6753,6,1126
"Storey County",Nevada,4010,264,15
"Washoe County",Nevada,460587,6,76765
"White Pine County",Nevada,10030,8,1254
"Belknap County","New Hampshire",60641,401,151
"Cheshire County","New Hampshire",75909,708,107
"Coos County",Oregon,63190,1,63190
"Grafton County","New Hampshire",89320,1,89320
"Merrimack County","New Hampshire",147994,934,158
"Rockingham County",Virginia,78593,851,92
"Strafford County","New Hampshire",126825,369,344
"Atlantic County","New Jersey",1,561,0
"Bergen County","New Jersey",3,234,0
"Burlington County","New Jersey",5,805,0
"Cape May County","New Jersey",9,255,0
"Essex County",Virginia,11130,258,43
"Gloucester County",Virginia,37143,217,171
"Hudson County","New Jersey",17,47,0
"Hunterdon County","New Jersey",19,430,0
"Monmouth County","New Jersey",25,472,0
"Ocean County","New Jersey",29,636,0
"Passaic County","New Jersey",31,185,0
"Salem County","New Jersey",33,338,0
"Bernalillo County","New Mexico",1,1,1
"Catron County","New Mexico",3,6,1
"Chaves County","New Mexico",5,6,1
"Cibola County","New Mexico",6,4,2
"Curry County",Oregon,22600,1,22600
"De Baca County","New Mexico",11,2,6
"Doña Ana County","New Mexico",13,3,4
"Eddy County","North Dakota",2385,632,4
"Guadalupe County",Texas,159659,711,225
"Harding County","South Dakota",1255,2,628
"Hidalgo County",Texas,860661,1,860661
"Lea County","New Mexico",25,4,6
"Los Alamos County","New Mexico",28,109,0
"Luna County","New Mexico",29,2,15
"McKinley County","New Mexico",31,5,6
"Mora County","New Mexico",33,1,33
"Quay County","New Mexico",37,2,19
"Rio Arriba County","New Mexico",39,5,8
"Sandoval County","New Mexico",43,3,14
"Santa Fe County","New Mexico",49,1,49
"Socorro County","New Mexico",53,6,9
"Taos County","New Mexico",55,2,28
"Torrance County","New Mexico",57,3,19
"Valencia County","New Mexico",61,1,61
"Albany County",Wyoming,37276,4,9319
"Allegany County",Maryland,74012,430,172
"Bronx County","New York",5,57,0
"Broome County","New York",7,715,0
"Cattaraugus County","New York",9,1,9
"Cayuga County","New York",11,864,0
"Chemung County","New York",15,410,0
"Chenango County","New York",17,898,0
"Cortland County","New York",23,502,0
"Dutchess County","New York",27,825,0
"Erie County",Pennsylvania,280566,799,351
"Genesee County",Michigan,425790,649,656
"Herkimer County","New York",43,1,43
"New York County","New York",61,33,2
"Niagara County","New York",63,1,63
"Onondaga County","New York",67,806,0
"Ontario County","New York",69,662,0
"Orleans County",Vermont,27100,697,39
"Oswego County","New York",75,1,75
"Otsego County",Michigan,24164,526,46
"Queens County","New York",81,178,0
"Rensselaer County","New York",83,665,0
"Rockland County","New York",87,199,0
"St. Lawrence County","New York",89,2,45
"Saratoga County","New York",91,844,0
"Schenectady County","New York",93,210,0
"Schoharie County","New York",95,626,0
"Seneca County",Ohio,56745,550,103
"Suffolk County",Massachusetts,722023,58,12449
"Tioga County",Pennsylvania,41981,1,41981
"Tompkins County","New York",109,476,0
"Ulster County","New York",111,1,111
"Westchester County","New York",119,500,0
"Wyoming County","West Virginia",23796,501,47
"Yates County","New York",123,376,0
"Alamance County","North Carolina",1,435,0
"Alleghany County",Virginia,15677,446,35
"Anson County","North Carolina",7,537,0
"Ashe County","North Carolina",9,427,0
"Avery County","North Carolina",11,247,0
"Beaufort County","South Carolina",183149,576,318
"Bertie County","North Carolina",15,741,0
"Bladen County","North Carolina",17,887,0
"Brunswick County",Virginia,16698,566,30
"Buncombe County","North Carolina",21,660,0
"Cabarrus County","North Carolina",25,365,0
"Carteret County","North Carolina",31,1,31
"Caswell County","North Carolina",33,428,0
"Catawba County","North Carolina",35,414,0
"Chowan County","North Carolina",41,233,0
"Columbus County","North Carolina",47,954,0
"Craven County","North Carolina",49,774,0
"Currituck County","North Carolina",53,526,0
"Dare County","North Carolina",55,1,55
"Davidson County",Tennessee,626681,502,1248
"Davie County","North Carolina",59,267,0
"Duplin County","North Carolina",61,819,0
"Durham County","North Carolina",63,298,0
"Edgecombe County","North Carolina",65,507,0
"Gaston County","North Carolina",71,364,0
"Gates County","North Carolina",73,346,0
"Granville County","North Carolina",77,537,0
"Guilford County","North Carolina",81,658,0
"Halifax County",Virginia,35125,814,43
"Harnett County","North Carolina",85,601,0
"Haywood County",Tennessee,18787,533,35
"Hertford County","North Carolina",91,360,0
"Hoke County","North Carolina",93,392,0
"Hyde County","South Dakota",1420,861,2
"Iredell County","North Carolina",97,597,0
"Johnston County",Oklahoma,10957,645,17
"Lenoir County","North Carolina",107,402,0
"McDowell County","West Virginia",22113,535,41
"Mecklenburg County",Virginia,31081,624,50
"Moore County",Texas,22097,900,25
"Nash County","North Carolina",127,543,0
"New Hanover County","North Carolina",129,328,0
"Northampton County",Virginia,12155,207,59
"Onslow County","North Carolina",133,909,0
"Pamlico County","North Carolina",137,566,0
"Pasquotank County","North Carolina",139,289,0
"Pender County","North Carolina",141,933,0
"Perquimans County","North Carolina",143,329,0
"Person County","North Carolina",145,404,0
"Pitt County","North Carolina",147,655,0
"Robeson County","North Carolina",155,951,0
"Rutherford County",Tennessee,262604,619,424
"Sampson County","North Carolina",163,947,0
"Scotland County",Missouri,4843,438,11
"Stanly County","North Carolina",167,404,0
"Stokes County","North Carolina",169,456,0
"Surry County",Virginia,6709,279,24
"Swain County","North Carolina",173,541,0
"Transylvania County","North Carolina",175,381,0
"Tyrrell County","North Carolina",177,600,0
"Vance County","North Carolina",181,270,1
"Wake County","North Carolina",183,857,0
"Watauga County","North Carolina",189,313,1
"Yadkin County","North Carolina",197,337,1
"Yancey County","North Carolina",199,313,1
"Barnes County","North Dakota",11066,1,11066
"Benson County","North Dakota",6660,1,6660
"Billings County","North Dakota",783,1,783
"Bottineau County","North Dakota",6429,1,6429
"Bowman County","North Dakota",3151,1,3151
"Burleigh County","North Dakota",81308,1,81308
"Cavalier County","North Dakota",3993,1,3993
"Dickey County","North Dakota",5289,1,5289
"Divide County","North Dakota",2071,1,2071
"Dunn County",Wisconsin,43857,850,52
"Emmons County","North Dakota",3550,1,3550
"Foster County","North Dakota",3343,635,5
"Grand Forks County","North Dakota",66861,1,66861
"Griggs County","North Dakota",2420,708,3
"Hettinger County","North Dakota",2477,1,2477
"Kidder County","North Dakota",2435,1,2435
"LaMoure County","North Dakota",4139,1,4139
"McKenzie County","North Dakota",6360,2,3180
"Mountrail County","North Dakota",7673,1,7673
"Oliver County","North Dakota",1846,724,3
"Pembina County","North Dakota",7413,1,7413
"Ramsey County",Minnesota,508640,155,3282
"Ransom County","North Dakota",5457,863,6
"Renville County",Minnesota,15730,982,16
"Rolette County","North Dakota",13937,902,15
"Sargent County","North Dakota",3829,859,4
"Slope County","North Dakota",727,1,727
"Steele County",Minnesota,36576,429,85
"Stutsman County","North Dakota",21100,2,10550
"Towner County","North Dakota",2246,1,2246
"Traill County","North Dakota",8121,862,9
"Walsh County","North Dakota",11119,1,11119
"Ward County",Texas,11472,836,14
"Williams County",Ohio,37642,421,89
"Ashland County",Wisconsin,16157,1,16157
"Ashtabula County",Ohio,101497,702,145
"Athens County",Ohio,64757,506,128
"Auglaize County",Ohio,45949,401,115
"Belmont County",Ohio,70400,537,131
"Clermont County",Ohio,197363,451,438
"Columbiana County",Ohio,107841,532,203
"Coshocton County",Ohio,36901,564,65
"Cuyahoga County",Ohio,1249352,458,2728
"Darke County",Ohio,52959,599,88
"Defiance County",Ohio,39037,411,95
"Gallia County",Ohio,30934,468,66
"Geauga County",Ohio,93389,403,232
"Guernsey County",Ohio,40087,521,77
"Highland County",Virginia,2214,416,5
"Hocking County",Ohio,29380,422,70
"Huron County",Michigan,33118,2,16559
"Licking County",Ohio,166492,686,243
"Lorain County",Ohio,301356,492,613
"Mahoning County",Ohio,238823,415,575
"Medina County",Texas,50066,1,50066
"Meigs County",Tennessee,11753,195,60
"Morrow County",Oregon,11745,2,5873
"Muskingum County",Ohio,86074,664,130
"Pickaway County",Ohio,55698,501,111
"Portage County",Wisconsin,70019,800,88
"Preble County",Ohio,42270,424,100
"Ross County",Ohio,78064,688,113
"Sandusky County",Ohio,60944,409,149
"Scioto County",Ohio,79499,612,130
"Trumbull County",Ohio,210312,616,341
"Tuscarawas County",Ohio,92582,567,163
"Van Wert County",Ohio,28744,410,70
"Vinton County",Ohio,13435,414,32
"Wood County",Wisconsin,74749,793,94
"Wyandot County",Ohio,22615,405,56
"Alfalfa County",Oklahoma,5642,867,7
"Atoka County",Oklahoma,14182,978,15
"Beaver County",Utah,6629,2,3315
"Beckham County",Oklahoma,22119,902,25
"Caddo County",Oklahoma,29600,1,29600
"Canadian County",Oklahoma,115541,900,128
"Cimarron County",Oklahoma,2475,1,2475
"Coal County",Oklahoma,5925,518,11
"Cotton County",Oklahoma,6193,637,10
"Craig County",Virginia,5211,330,16
"Creek County",Oklahoma,69967,956,73
"Dewey County","South Dakota",5301,2,2651
"Garvin County",Oklahoma,27576,809,34
"Greer County",Oklahoma,6239,639,10
"Harmon County",Oklahoma,2922,538,5
"Hughes County","South Dakota",17022,741,23
"Kay County",Oklahoma,46562,919,51
"Kingfisher County",Oklahoma,15034,903,17
"Latimer County",Oklahoma,11154,722,15
"Le Flore County",Oklahoma,50384,1,50384
"Love County",Oklahoma,9423,515,18
"Major County",Oklahoma,7527,957,8
"Mayes County",Oklahoma,41259,656,63
"McClain County",Oklahoma,34506,570,61
"McCurtain County",Oklahoma,33151,1,33151
"Muskogee County",Oklahoma,70990,814,87
"Nowata County",Oklahoma,10536,565,19
"Okfuskee County",Oklahoma,12191,625,20
"Oklahoma County",Oklahoma,718633,709,1014
"Okmulgee County",Oklahoma,40069,697,57
"Payne County",Oklahoma,77350,686,113
"Pittsburg County",Oklahoma,45837,1,45837
"Pontotoc County",Mississippi,29957,497,60
"Pushmataha County",Oklahoma,11572,1,11572
"Roger Mills County",Oklahoma,3647,1,3647
"Rogers County",Oklahoma,86905,675,129
"Sequoyah County",Oklahoma,42391,674,63
"Texas County",Missouri,26008,1,26008
"Tillman County",Oklahoma,7992,872,9
"Tulsa County",Oklahoma,603403,570,1059
"Wagoner County",Oklahoma,73085,563,130
"Washita County",Oklahoma,11629,1,11629
"Woods County",Oklahoma,8878,1,8878
"Woodward County",Oklahoma,20081,1,20081
"Clackamas County",Oregon,404980,1,404980
"Clatsop County",Oregon,38225,827,46
"Crook County",Wyoming,7155,2,3578
"Deschutes County",Oregon,176635,3,58878
"Gilliam County",Oregon,1980,1,1980
"Harney County",Oregon,7320,10,732
"Hood River County",Oregon,24735,522,47
"Josephine County",Oregon,84675,1,84675
"Klamath County",Oregon,67410,5,13482
"Malheur County",Oregon,31705,9,3523
"Multnomah County",Oregon,790670,435,1818
"Tillamook County",Oregon,25920,1,25920
"Umatilla County",Oregon,79880,3,26627
"Wallowa County",Oregon,7140,3,2380
"Wasco County",Oregon,26700,2,13350
"Yamhill County",Oregon,104990,716,147
"Anne Arundel County",Maryland,550488,588,936
"Baltimore County",Maryland,817455,682,1199
"Baltimore City",Maryland,621342,92,6754
"Calvert County",Maryland,89628,345,260
"Caroline County",Virginia,29984,533,56
"Cecil County",Maryland,101696,418,243
"Charles County",Maryland,150592,643,234
"Dorchester County","South Carolina",153773,577,267
"Frederick County",Virginia,83199,415,200
"Garrett County",Maryland,29854,656,46
"Harford County",Maryland,248622,527,472
"Prince George's County",Maryland,881138,498,1769
"Queen Anne's County",Maryland,48595,510,95
"St. Mary's County",Maryland,108987,611,178
"Wicomico County",Maryland,100647,400,252
"Worcester County",Massachusetts,798552,1,798552
"Barnstable County",Massachusetts,215888,396,545
"Berkshire County",Massachusetts,131219,931,141
"Bristol County","Rhode Island",49875,24,2078
"Dukes County",Massachusetts,16535,104,159
"Hampden County",Massachusetts,463490,618,750
"Hampshire County","West Virginia",23964,642,37
"Nantucket County",Massachusetts,10172,48,212
"Norfolk County",Massachusetts,670850,400,1677
"Alcona County",Michigan,10942,1,10942
"Alger County",Michigan,9601,5,1920
"Allegan County",Michigan,111408,1,111408
"Alpena County",Michigan,30000,1,30000
"Antrim County",Michigan,23598,602,39
"Arenac County",Michigan,15899,681,23
"Baraga County",Michigan,8860,1,8860
"Barry County",Missouri,35597,779,46
"Benzie County",Michigan,17525,860,20
"Branch County",Michigan,45248,519,87
"Charlevoix County",Michigan,25949,1,25949
"Cheboygan County",Michigan,26152,885,30
"Chippewa County",Wisconsin,62415,1,62415
"Clare County",Michigan,30926,575,54
"Eaton County",Michigan,107759,579,186
"Gladwin County",Michigan,25692,516,50
"Gogebic County",Michigan,16427,1,16427
"Grand Traverse County",Michigan,86986,601,145
"Gratiot County",Michigan,42476,572,74
"Hillsdale County",Michigan,46688,607,77
"Houghton County",Michigan,36628,1,36628
"Ingham County",Michigan,280895,561,501
"Ionia County",Michigan,63905,580,110
"Iosco County",Michigan,25887,1,25887
"Iron County",Wisconsin,5916,758,8
"Isabella County",Michigan,70311,578,122
"Kalamazoo County",Michigan,250331,580,432
"Kalkaska County",Michigan,17153,571,30
"Keweenaw County",Michigan,2156,5,431
"Lapeer County",Michigan,88319,663,133
"Leelanau County",Michigan,21708,2,10854
"Lenawee County",Michigan,99892,761,131
"Luce County",Michigan,6631,1,6631
"Mackinac County",Michigan,11113,2,5557
"Macomb County",Michigan,840978,570,1475
"Manistee County",Michigan,24733,1,24733
"Marquette County",Wisconsin,15404,455,34
"Mecosta County",Michigan,42798,571,75
"Menominee County",Wisconsin,4232,357,12
"Midland County",Texas,165049,900,183
"Missaukee County",Michigan,14849,574,26
"Montcalm County",Michigan,63342,721,88
"Montmorency County",Michigan,9765,562,17
"Muskegon County",Michigan,172188,1,172188
"Newaygo County",Michigan,48460,861,56
"Oakland County",Michigan,1202362,908,1324
"Oceana County",Michigan,26570,1,26570
"Ogemaw County",Michigan,21699,575,38
"Ontonagon County",Michigan,6780,3,2260
"Oscoda County",Michigan,8640,572,15
"Presque Isle County",Michigan,13376,2,6688
"Roscommon County",Michigan,24449,580,42
"Saginaw County",Michigan,200169,816,245
"Sanilac County",Michigan,43114,1,43114
"Schoolcraft County",Michigan,8485,1,8485
"Shiawassee County",Michigan,70648,541,131
"Tuscola County",Michigan,55729,914,61
"Washtenaw County",Michigan,344791,723,477
"Wexford County",Michigan,32735,576,57
"Aitkin County",Minnesota,16202,1,16202
"Anoka County",Minnesota,330844,423,782
"Becker County",Minnesota,32504,1,32504
"Beltrami County",Minnesota,44442,2,22221
"Big Stone County",Minnesota,5269,496,11
"Blue Earth County",Minnesota,64013,752,85
"Carlton County",Minnesota,35386,860,41
"Carver County",Minnesota,91042,357,255
"Chisago County",Minnesota,53887,417,129
"Cottonwood County",Minnesota,11687,639,18
"Crow Wing County",Minnesota,62500,996,63
"Faribault County",Minnesota,14553,713,20
"Freeborn County",Minnesota,31255,707,44
"Goodhue County",Minnesota,46183,758,61
"Hennepin County",Minnesota,1152425,556,2073
"Hubbard County",Minnesota,20428,922,22
"Isanti County",Minnesota,37816,439,86
"Itasca County",Minnesota,45058,2,22529
"Kanabec County",Minnesota,16239,524,31
"Kandiyohi County",Minnesota,42239,796,53
"Kittson County",Minnesota,4552,1,4552
"Koochiching County",Minnesota,13311,3,4437
"Lac qui Parle County",Minnesota,7259,764,10
"Lake of the Woods County",Minnesota,4045,1,4045
"Le Sueur County",Minnesota,27703,448,62
"McLeod County",Minnesota,36651,491,75
"Mahnomen County",Minnesota,5413,556,10
"Meeker County",Minnesota,23300,608,38
"Mille Lacs County",Minnesota,26097,574,45
"Morrison County",Minnesota,33198,1,33198
"Mower County",Minnesota,39163,711,55
"Nicollet County",Minnesota,32727,452,72
"Nobles County",Minnesota,21378,715,30
"Norman County",Minnesota,6852,876,8
"Olmsted County",Minnesota,144248,653,221
"Otter Tail County",Minnesota,57303,1,57303
"Pennington County","South Dakota",100948,2,50474
"Pine County",Minnesota,29750,1,29750
"Pipestone County",Minnesota,9596,465,21
"Red Lake County",Minnesota,4089,432,9
"Redwood County",Minnesota,16059,879,18
"Roseau County",Minnesota,15629,1,15629
"Saint Louis County",Missouri,1000438,508,1969
"Sherburne County",Minnesota,88499,436,203
"Sibley County",Minnesota,15226,588,26
"Stearns County",Minnesota,150642,1,150642
"Swift County",Minnesota,9783,743,13
"Traverse County",Minnesota,3558,574,6
"Wabasha County",Minnesota,21676,525,41
"Wadena County",Minnesota,13843,535,26
"Waseca County",Minnesota,19136,423,45
"Watonwan County",Minnesota,11211,434,26
"Wilkin County",Minnesota,6576,751,9
"Winona County",Minnesota,51461,626,82
"Yellow Medicine County",Minnesota,10438,757,14
"Alcorn County",Mississippi,37057,400,93
"Amite County",Mississippi,13131,730,18
"Attala County",Mississippi,19564,735,27
"Bolivar County",Mississippi,34145,876,39
"Claiborne County",Tennessee,32213,434,74
"Coahoma County",Mississippi,26151,554,47
"Copiah County",Mississippi,29449,777,38
"Forrest County",Mississippi,74934,467,160
"George County",Mississippi,22578,478,47
"Grenada County",Mississippi,21906,422,52
"Hinds County",Mississippi,245285,869,282
"Humphreys County",Tennessee,18538,532,35
"Issaquena County",Mississippi,1406,413,3
"Itawamba County",Mississippi,23401,532,44
"Jefferson Davis County",Mississippi,12487,408,31
"Kemper County",Mississippi,10456,766,14
"Leake County",Mississippi,23805,583,41
"Leflore County",Mississippi,32317,592,55
"Neshoba County",Mississippi,29676,570,52
"Noxubee County",Mississippi,11545,695,17
"Oktibbeha County",Mississippi,47671,458,104
"Panola County",Texas,23243,801,29
"Pearl River County",Mississippi,55834,812,69
"Prentiss County",Mississippi,25276,415,61
"Rankin County",Mississippi,141617,775,183
"Sharkey County",Mississippi,4916,428,11
"Sunflower County",Mississippi,29450,694,42
"Tallahatchie County",Mississippi,15378,644,24
"Tate County",Mississippi,28886,404,72
"Tippah County",Mississippi,22232,458,49
"Tishomingo County",Mississippi,19593,424,46
"Tunica County",Mississippi,10778,455,24
"Walthall County",Mississippi,15443,404,38
"Yalobusha County",Mississippi,12678,467,27
"Yazoo County",Mississippi,28065,920,31
"Andrew County",Missouri,17291,435,40
"Audrain County",Missouri,25529,693,37
"Bates County",Missouri,17049,848,20
"Bollinger County",Missouri,12363,621,20
"Callaway County",Missouri,44332,839,53
"Cape Girardeau County",Missouri,75674,579,131
"Chariton County",Missouri,7831,756,10
"Cole County",Missouri,75990,392,194
"Cooper County",Missouri,17601,565,31
"Dent County",Missouri,15657,754,21
"Dunklin County",Missouri,31953,546,59
"Gasconade County",Missouri,15222,520,29
"Gentry County",Missouri,6738,492,14
"Hickory County",Missouri,9627,399,24
"Howell County",Missouri,40400,928,44
"Laclede County",Missouri,35571,766,46
"Maries County",Missouri,9176,528,17
"McDonald County",Missouri,23083,540,43
"Moniteau County",Missouri,15607,417,37
"New Madrid County",Missouri,18956,678,28
"Nodaway County",Missouri,23370,877,27
"Oregon County",Missouri,10881,792,14
"Ozark County",Missouri,9723,747,13
"Pemiscot County",Missouri,18296,493,37
"Pettis County",Missouri,42201,685,62
"Ralls County",Missouri,10167,471,22
"Ray County",Missouri,23494,570,41
"Reynolds County",Missouri,6696,811,8
"Saint Charles County",Missouri,360485,561,643
"Saint Clair County",Missouri,9805,677,14
"Saint Francois County",Missouri,65359,450,145
"Saint Louis City",Missouri,319294,61,5234
"Ste. Genevieve County",Missouri,18145,502,36
"Shannon County",Missouri,8441,1,8441
"Stoddard County",Missouri,29968,827,36
"Taney County",Missouri,51675,632,82
"Vernon County",Wisconsin,29773,791,38
"Allegheny County",Pennsylvania,1223348,745,1642
"Armstrong County",Texas,1879,914,2
"Bedford County",Virginia,77724,755,103
"Berks County",Pennsylvania,411442,866,475
"Blair County",Pennsylvania,127089,527,241
"Bucks County",Pennsylvania,625249,622,1005
"Cambria County",Pennsylvania,143679,693,207
"Cameron County",Texas,423725,906,468
"Centre County",Pennsylvania,153990,1,153990
"Chester County",Tennessee,17131,289,59
"Clarion County",Pennsylvania,39988,609,66
"Clearfield County",Pennsylvania,81642,1,81642
"Dauphin County",Pennsylvania,268100,558,480
"Forest County",Wisconsin,9304,1,9304
"Huntingdon County",Pennsylvania,45913,889,52
"Indiana County",Pennsylvania,88880,834,107
"Juniata County",Pennsylvania,24636,394,63
"Lackawanna County",Pennsylvania,214437,465,461
"Lebanon County",Pennsylvania,133568,363,368
"Lehigh County",Pennsylvania,349497,349,1001
"Luzerne County",Pennsylvania,320918,907,354
"Lycoming County",Pennsylvania,116111,1,116111
"McKean County",Pennsylvania,43450,984,44
"Mifflin County",Pennsylvania,46682,415,112
"Montour County",Pennsylvania,18267,132,138
"Northumberland County",Virginia,12232,192,64
"Philadelphia County",Pennsylvania,1526006,143,10671
"Potter County",Texas,120458,909,133
"Schuylkill County",Pennsylvania,148289,778,191
"Snyder County",Pennsylvania,39702,332,120
"Susquehanna County",Pennsylvania,43356,832,52
"Venango County",Pennsylvania,54984,683,81
"Westmoreland County",Virginia,17629,229,77
"Newport County","Rhode Island",82888,102,813
"Providence County","Rhode Island",626667,409,1532
"Abbeville County","South Carolina",24872,511,49
"Aiken County","South Carolina",167458,1,167458
"Allendale County","South Carolina",9045,413,22
"Bamberg County","South Carolina",14434,395,37
"Barnwell County","South Carolina",21483,557,39
"Berkeley County","West Virginia",104169,321,325
"Charleston County","South Carolina",396484,1,396484
"Chesterfield County",Virginia,335687,426,788
"Clarendon County","South Carolina",33951,696,49
"Colleton County","South Carolina",37923,1,37923
"Darlington County","South Carolina",67234,567,119
"Dillon County","South Carolina",30858,407,76
"Edgefield County","South Carolina",26358,507,52
"Florence County",Wisconsin,4423,488,9
"Georgetown County","South Carolina",61399,813,76
"Greenville County","South Carolina",498766,795,627
"Hampton County","South Carolina",19922,563,35
"Horry County","South Carolina",322342,1,322342
"Kershaw County","South Carolina",64097,740,87
"Lexington County","South Carolina",286196,758,378
"Marlboro County","South Carolina",26945,485,56
"McCormick County","South Carolina",9643,394,24
"Newberry County","South Carolina",38079,647,59
"Orangeburg County","South Carolina",87903,1,87903
"Saluda County","South Carolina",20197,462,44
"Spartanburg County","South Carolina",301463,819,368
"Williamsburg County","South Carolina",31955,937,34
"Aurora County","South Dakota",2710,708,4
"Beadle County","South Dakota",17398,1,17398
"Bennett County","South Dakota",3431,1,3431
"Bon Homme County","South Dakota",7070,563,13
"Brookings County","South Dakota",31965,794,40
"Brule County","South Dakota",5255,819,6
"Charles Mix County","South Dakota",9129,1,9129
"Codington County","South Dakota",27227,688,40
"Corson County","South Dakota",4050,2,2025
"Davison County","South Dakota",19504,436,45
"Day County","South Dakota",5710,1,5710
"Edmunds County","South Dakota",4071,1,4071
"Fall River County","South Dakota",7094,1,7094
"Faulk County","South Dakota",2364,1,2364
"Gregory County","South Dakota",4271,1,4271
"Haakon County","South Dakota",1937,1,1937
"Hamlin County","South Dakota",5903,511,12
"Hand County","South Dakota",3431,1,3431
"Hanson County","South Dakota",3331,435,8
"Hutchinson County",Texas,21375,887,24
"Jerauld County","South Dakota",2070,530,4
"Kingsbury County","South Dakota",5148,838,6
"Lyman County","South Dakota",3755,1,3755
"McCook County","South Dakota",5618,575,10
"Mellette County","South Dakota",2048,1,2048
"Miner County","South Dakota",2389,570,4
"Minnehaha County","South Dakota",169468,809,209
"Moody County","South Dakota",6486,520,12
"Oglala Lakota County","South Dakota",13586,2,6793
"Roberts County",Texas,938,924,1
"Sanborn County","South Dakota",2355,569,4
"Spink County","South Dakota",6451,1,6451
"Stanley County","South Dakota",2966,1,2966
"Sully County","South Dakota",1373,1,1373
"Tripp County","South Dakota",5644,1,5644
"Walworth County",Wisconsin,102228,555,184
"Yankton County","South Dakota",22438,522,43
"Ziebach County","South Dakota",2801,1,2801
"Bledsoe County",Tennessee,12876,406,32
"Cannon County",Tennessee,13801,266,52
"Cheatham County",Tennessee,39105,303,129
"Cocke County",Tennessee,35662,434,82
"Crockett County",Texas,3564,2,1782
"Dickson County",Tennessee,49666,490,101
"Dyer County",Tennessee,38335,510,75
"Fentress County",Tennessee,17959,499,36
"Giles County",Virginia,16708,358,47
"Grainger County",Tennessee,22657,280,81
"Hamblen County",Tennessee,62544,161,388
"Hardeman County",Texas,3994,695,6
"Hawkins County",Tennessee,56833,487,117
"Loudon County",Tennessee,48556,229,212
"Maury County",Tennessee,80956,613,132
"McMinn County",Tennessee,52266,430,122
"McNairy County",Tennessee,26075,560,47
"Obion County",Tennessee,31807,545,58
"Overton County",Tennessee,22083,433,51
"Pickett County",Tennessee,5077,163,31
"Rhea County",Tennessee,31809,316,101
"Roane County","West Virginia",14926,484,31
"Sequatchie County",Tennessee,14112,266,53
"Trousdale County",Tennessee,7870,114,69
"Unicoi County",Tennessee,18313,186,98
"Weakley County",Tennessee,35021,580,60
"Andrews County",Texas,17722,1,17722
"Angelina County",Texas,87805,802,109
"Aransas County",Texas,25572,252,101
"Archer County",Texas,8809,910,10
"Atascosa County",Texas,48981,1,48981
"Austin County",Texas,29786,653,46
"Bailey County",Texas,7077,827,9
"Bandera County",Texas,22351,792,28
"Bastrop County",Texas,84761,888,95
"Baylor County",Texas,3581,871,4
"Bee County",Texas,32563,880,37
"Bexar County",Texas,1958578,1,1958578
"Blanco County",Texas,11626,711,16
"Borden County",Texas,673,899,1
"Bosque County",Texas,18326,989,19
"Bowie County",Texas,94012,888,106
"Brazoria County",Texas,362457,1,362457
"Brazos County",Texas,222830,586,380
"Brewster County",Texas,9337,6,1556
"Briscoe County",Texas,1528,900,2
"Burleson County",Texas,18011,666,27
"Burnet County",Texas,46804,995,47
"Callahan County",Texas,13946,899,16
"Camp County",Texas,12855,198,65
"Carson County",Texas,6032,923,7
"Castro County",Texas,7843,898,9
"Childress County",Texas,7067,710,10
"Cochran County",Texas,2851,775,4
"Coke County",Texas,3306,899,4
"Coleman County",Texas,8430,1,8430
"Collin County",Texas,969603,848,1143
"Collingsworth County",Texas,2987,919,3
"Colorado County",Texas,21232,963,22
"Comal County",Texas,141009,562,251
"Concho County",Texas,2717,992,3
"Cooke County",Texas,39895,874,46
"Coryell County",Texas,74913,1,74913
"Cottle County",Texas,1387,901,2
"Crane County",Texas,4740,786,6
"Crosby County",Texas,5899,900,7
"Culberson County",Texas,2231,3,744
"Dallam County",Texas,7208,1,7208
"Deaf Smith County",Texas,18836,1,18836
"Denton County",Texas,836210,888,942
"Dickens County",Texas,2209,904,2
"Dimmit County",Texas,10418,1,10418
"Donley County",Texas,3311,930,4
"Eastland County",Texas,18411,926,20
"Ector County",Texas,157087,901,174
"Erath County",Texas,41969,1,41969
"Falls County",Texas,17437,769,23
"Fisher County",Texas,3880,901,4
"Foard County",Texas,1222,707,2
"Fort Bend County",Texas,764828,875,874
"Freestone County",Texas,19625,885,22
"Frio County",Texas,19600,1,19600
"Gaines County",Texas,20638,1,20638
"Galveston County",Texas,335036,399,840
"Garza County",Texas,6528,896,7
"Gillespie County",Texas,26646,1,26646
"Glasscock County",Texas,1348,901,1
"Goliad County",Texas,7562,854,9
"Gonzales County",Texas,20893,1,20893
"Gregg County",Texas,123367,274,450
"Grimes County",Texas,28032,794,35
"Hansford County",Texas,5477,920,6
"Hartley County",Texas,5691,1,5691
"Hays County",Texas,214485,678,316
"Hemphill County",Texas,4024,910,4
"Hockley County",Texas,23088,908,25
"Hood County",Texas,58273,422,138
"Hudspeth County",Texas,4408,4,1102
"Hunt County",Texas,93872,841,112
"Irion County",Texas,1516,1,1516
"Jack County",Texas,8832,917,10
"Jim Hogg County",Texas,5202,1,5202
"Jim Wells County",Texas,40871,865,47
"Karnes County",Texas,15187,750,20
"Kaufman County",Texas,122883,786,156
"Kenedy County",Texas,417,1,417
"Kerr County",Texas,51720,1,51720
"Kimble County",Texas,4410,1,4410
"King County",Washington,2252782,2,1126391
"Kinney County",Texas,3745,1,3745
"Kleberg County",Texas,31088,871,36
"Lamb County",Texas,13210,1,13210
"Lampasas County",Texas,21207,712,30
"La Salle County",Texas,7584,1,7584
"Lavaca County",Texas,20062,970,21
"Lipscomb County",Texas,3378,932,4
"Live Oak County",Texas,12174,1,12174
"Llano County",Texas,21210,935,23
"Loving County",Texas,134,673,0
"Lubbock County",Texas,305225,900,339
"Lynn County",Texas,5859,892,7
"McCulloch County",Texas,7957,1,7957
"McLennan County",Texas,251259,1,251259
"McMullen County",Texas,778,1,778
"Matagorda County",Texas,36840,1,36840
"Maverick County",Texas,58216,1,58216
"Milam County",Texas,25053,1,25053
"Montague County",Texas,19539,931,21
"Motley County",Texas,1230,989,1
"Nacogdoches County",Texas,65580,947,69
"Navarro County",Texas,48701,1,48701
"Nolan County",Texas,14770,912,16
"Nueces County",Texas,361221,836,432
"Ochiltree County",Texas,10073,918,11
"Palo Pinto County",Texas,28570,953,30
"Parker County",Texas,133463,904,148
"Parmer County",Texas,9842,882,11
"Pecos County",Texas,15634,4,3909
"Presidio County",Texas,7156,3,2385
"Rains County",Texas,11762,232,51
"Randall County",Texas,134442,914,147
"Reagan County",Texas,3710,1,3710
"Real County",Texas,3429,700,5
"Red River County",Texas,12229,1,12229
"Reeves County",Texas,15281,2,7641
"Refugio County",Texas,7224,770,9
"Rockwall County",Texas,96788,149,650
"Runnels County",Texas,10266,1,10266
"Rusk County",Wisconsin,14755,913,16
"Sabine County",Texas,10461,490,21
"San Augustine County",Texas,8253,528,16
"San Jacinto County",Texas,28270,571,50
"San Patricio County",Texas,67215,692,97
"San Saba County",Texas,5959,1,5959
"Schleicher County",Texas,3001,1,3001
"Scurry County",Texas,17050,903,19
"Shackelford County",Texas,3328,914,4
"Somervell County",Texas,8845,187,47
"Starr County",Texas,64454,1,64454
"Sterling County",Texas,1295,923,1
"Stonewall County",Texas,1388,919,2
"Sutton County",Texas,3767,1,3767
"Swisher County",Texas,7515,900,8
"Tarrant County",Texas,2054475,864,2378
"Terry County",Texas,12715,890,14
"Throckmorton County",Texas,1527,912,2
"Titus County",Texas,32904,411,80
"Tom Green County",Texas,118019,1,118019
"Travis County",Texas,1226698,989,1240
"Tyler County","West Virginia",9208,258,36
"Upshur County","West Virginia",24254,355,68
"Upton County",Texas,3663,1,3663
"Uvalde County",Texas,27132,1,27132
"Val Verde County",Texas,49205,3,16402
"Van Zandt County",Texas,55182,849,65
"Victoria County",Texas,92084,883,104
"Waller County",Texas,51307,514,100
"Webb County",Texas,274794,3,91598
"Wharton County",Texas,41968,1,41968
"Wilbarger County",Texas,12764,971,13
"Willacy County",Texas,21584,597,36
"Winkler County",Texas,7574,841,9
"Wise County",Virginia,39718,403,99
"Yoakum County",Texas,8568,800,11
"Young County",Texas,17979,922,20
"Zapata County",Texas,14322,997,14
"Zavala County",Texas,11948,1,11948
"Box Elder County",Utah,49975,5,9995
"Cache County",Utah,112656,1,112656
"Daggett County",Utah,1059,697,2
"Duchesne County",Utah,18607,3,6202
"Emery County",Utah,10976,4,2744
"Juab County",Utah,10246,3,3415
"Millard County",Utah,12503,6,2084
"Piute County",Utah,1556,758,2
"Rich County",Utah,2264,1,2264
"Salt Lake County",Utah,1029665,742,1388
"Sanpete County",Utah,27882,1,27882
"Tooele County",Utah,58218,6,9703
"Uintah County",Utah,32588,4,8147
"Utah County",Utah,516564,2,258282
"Wasatch County",Utah,23530,1,23530
"Weber County",Utah,231236,576,401
"Addison County",Vermont,37035,770,48
"Bennington County",Vermont,36317,676,54
"Caledonia County",Vermont,30780,651,47
"Chittenden County",Vermont,161382,539,299
"Grand Isle County",Vermont,6861,83,83
"Lamoille County",Vermont,25235,461,55
"Rutland County",Vermont,59736,932,64
"Windsor County",Vermont,55737,971,57
"Accomack County",Virginia,32973,455,72
"Albemarle County",Virginia,105703,723,146
"Amelia County",Virginia,12903,357,36
"Amherst County",Virginia,31914,475,67
"Appomattox County",Virginia,15414,334,46
"Arlington County",Virginia,229164,26,8814
"Augusta County",Virginia,74314,971,77
"Bland County",Virginia,6561,359,18
"Botetourt County",Virginia,33347,543,61
"Buckingham County",Virginia,17032,581,29
"Charles City County",Virginia,7040,182,39
"Culpeper County",Virginia,49432,381,130
"Dickenson County",Virginia,15115,333,45
"Dinwiddie County",Virginia,27852,504,55
"Fairfax County",Virginia,1142234,396,2884
"Fauquier County",Virginia,68782,650,106
"Fluvanna County",Virginia,26235,287,91
"Goochland County",Virginia,22253,284,78
"Greensville County",Virginia,11885,296,40
"Hanover County",Virginia,103227,473,218
"Henrico County",Virginia,325155,238,1366
"Isle of Wight County",Virginia,36314,316,115
"James City County",Virginia,73147,143,512
"King and Queen County",Virginia,7158,316,23
"King George County",Virginia,25515,180,142
"King William County",Virginia,16269,275,59
"Loudoun County",Virginia,375629,520,722
"Lunenburg County",Virginia,12299,432,28
"Mathews County",Virginia,8862,86,103
"New Kent County",Virginia,20392,210,97
"Nottoway County",Virginia,15673,315,50
"Patrick County",Virginia,18045,483,37
"Pittsylvania County",Virginia,62194,978,64
"Powhatan County",Virginia,28031,261,107
"Prince Edward County",Virginia,22952,353,65
"Prince George County",Virginia,37862,266,142
"Prince William County",Virginia,451721,338,1336
"Rappahannock County",Virginia,7378,267,28
"Roanoke County",Virginia,94409,251,376
"Rockbridge County",Virginia,22354,600,37
"Shenandoah County",Virginia,43190,512,84
"Smyth County",Virginia,31470,452,70
"Southampton County",Virginia,18109,600,30
"Spotsylvania County",Virginia,130475,401,325
"Wythe County",Virginia,29119,463,63
"Asotin County",Washington,22582,636,36
"Chelan County",Washington,77200,2,38600
"Clallam County",Washington,77331,1,77331
"Cowlitz County",Washington,110593,1,110593
"Ferry County",Washington,7627,2,3814
"Grays Harbor County",Washington,75061,1,75061
"Island County",Washington,85141,209,407
"Kitsap County",Washington,271473,396,686
"Kittitas County",Washington,47935,2,23968
"Klickitat County",Washington,22425,1,22425
"Okanogan County",Washington,42243,5,8449
"Pacific County",Washington,22036,975,23
"Pend Oreille County",Washington,13724,1,13724
"Skagit County",Washington,129205,1,129205
"Skamania County",Washington,12083,1,12083
"Snohomish County",Washington,822083,2,411042
"Spokane County",Washington,522798,1,522798
"Wahkiakum County",Washington,4488,264,17
"Walla Walla County",Washington,60760,1,60760
"Whatcom County",Washington,229247,2,114624
"Whitman County",Washington,50104,2,25052
"Yakima County",Washington,250873,4,62718
"Braxton County","West Virginia",14523,514,28
"Brooke County","West Virginia",24069,89,270
"Cabell County","West Virginia",96319,282,342
"Doddridge County","West Virginia",8202,320,26
"Greenbrier County","West Virginia",35480,1,35480
"Hardy County","West Virginia",14025,583,24
"Kanawha County","West Virginia",193063,903,214
"Mingo County","West Virginia",26839,423,63
"Monongalia County","West Virginia",96189,361,266
"Pleasants County","West Virginia",7605,131,58
"Preston County","West Virginia",33520,648,52
"Raleigh County","West Virginia",78859,607,130
"Ritchie County","West Virginia",10449,454,23
"Summers County","West Virginia",13927,361,39
"Tucker County","West Virginia",7141,419,17
"Wetzel County","West Virginia",16583,359,46
"Wirt County","West Virginia",5717,233,25
"Barron County",Wisconsin,45870,862,53
"Bayfield County",Wisconsin,15014,1,15014
"Burnett County",Wisconsin,15457,821,19
"Calumet County",Wisconsin,48971,318,154
"Dane County",Wisconsin,488073,1,488073
"Door County",Wisconsin,27785,481,58
"Eau Claire County",Wisconsin,98736,637,155
"Fond du Lac County",Wisconsin,101633,719,141
"Green Lake County",Wisconsin,19051,349,55
"Juneau County",Wisconsin,26664,766,35
"Kenosha County",Wisconsin,166426,271,614
"Kewaunee County",Wisconsin,20574,342,60
"La Crosse County",Wisconsin,114638,451,254
"Langlade County",Wisconsin,19977,870,23
"Manitowoc County",Wisconsin,81442,589,138
"Marathon County",Wisconsin,134063,1,134063
"Marinette County",Wisconsin,41749,1,41749
"Milwaukee County",Wisconsin,947735,241,3933
"Oconto County",Wisconsin,37660,997,38
"Outagamie County",Wisconsin,176695,637,277
"Ozaukee County",Wisconsin,86395,233,371
"Pepin County",Wisconsin,7469,231,32
"Price County",Wisconsin,14159,1,14159
"Racine County",Wisconsin,195408,332,589
"Sauk County",Wisconsin,61976,830,75
"Sawyer County",Wisconsin,16557,1,16557
"Shawano County",Wisconsin,41949,893,47
"Sheboygan County",Wisconsin,115507,511,226
"St. Croix County",Wisconsin,84345,722,117
"Trempealeau County",Wisconsin,28816,732,39
"Vilas County",Wisconsin,21430,856,25
"Washburn County",Wisconsin,15911,797,20
"Waukesha County",Wisconsin,389891,549,710
"Waupaca County",Wisconsin,52410,747,70
"Waushara County",Wisconsin,24496,626,39
"Converse County",Wyoming,14008,4,3502
"Goshen County",Wyoming,13636,2,6818
"Hot Springs County",Wyoming,4822,2,2411
"Laramie County",Wyoming,94483,2,47242
"Natrona County",Wyoming,78621,5,15724
"Niobrara County",Wyoming,2456,2,1228
"Sublette County",Wyoming,10368,4,2592
"Sweetwater County",Wyoming,45267,10,4527
"Uinta County",Wyoming,21025,2,10513
"Washakie County",Wyoming,8464,2,4232
"Weston County",Wyoming,7082,2,3541
